[{"pk": 1, "model": "contenttypes.contenttype", "fields": {"model": "logentry", "name": "log entry", "app_label": "admin"}}, {"pk": 2, "model": "contenttypes.contenttype", "fields": {"model": "permission", "name": "permission", "app_label": "auth"}}, {"pk": 3, "model": "contenttypes.contenttype", "fields": {"model": "group", "name": "group", "app_label": "auth"}}, {"pk": 4, "model": "contenttypes.contenttype", "fields": {"model": "user", "name": "user", "app_label": "auth"}}, {"pk": 5, "model": "contenttypes.contenttype", "fields": {"model": "contenttype", "name": "content type", "app_label": "contenttypes"}}, {"pk": 6, "model": "contenttypes.contenttype", "fields": {"model": "session", "name": "session", "app_label": "sessions"}}, {"pk": 7, "model": "contenttypes.contenttype", "fields": {"model": "migrationhistory", "name": "migration history", "app_label": "south"}}, {"pk": 9, "model": "contenttypes.contenttype", "fields": {"model": "menu", "name": "menu", "app_label": "public"}}, {"pk": 12, "model": "contenttypes.contenttype", "fields": {"model": "fooditem", "name": "food item", "app_label": "public"}}, {"pk": 13, "model": "contenttypes.contenttype", "fields": {"model": "order", "name": "order", "app_label": "public"}}, {"pk": 15, "model": "contenttypes.contenttype", "fields": {"model": "foodorder", "name": "food order", "app_label": "public"}}, {"pk": 16, "model": "contenttypes.contenttype", "fields": {"model": "caterer", "name": "caterer", "app_label": "public"}}, {"pk": "czkbz73uvr9no96ir2mzxzm4ebi4yltv", "model": "sessions.session", "fields": {"expire_date": "2014-07-29T16:31:59.778Z", "session_data": "MTAxZWFhOTEwZDYyZTJiNDkxMGViYWNjNWYzZjVmYmI3OTIxMzE0MDp7Il9hdXRoX3VzZXJfYmFja2VuZCI6ImRqYW5nby5jb250cmliLmF1dGguYmFja2VuZHMuTW9kZWxCYWNrZW5kIiwiX2F1dGhfdXNlcl9pZCI6MX0="}}, {"pk": "j3ymil1fxzn8lrq4c35hj16tlgtljo5e", "model": "sessions.session", "fields": {"expire_date": "2014-07-23T19:26:32.097Z", "session_data": "MTAxZWFhOTEwZDYyZTJiNDkxMGViYWNjNWYzZjVmYmI3OTIxMzE0MDp7Il9hdXRoX3VzZXJfYmFja2VuZCI6ImRqYW5nby5jb250cmliLmF1dGguYmFja2VuZHMuTW9kZWxCYWNrZW5kIiwiX2F1dGhfdXNlcl9pZCI6MX0="}}, {"pk": "vt4rpk3lgoipfz5j6dkesefjohgn3tkg", "model": "sessions.session", "fields": {"expire_date": "2014-07-29T21:23:39.257Z", "session_data": "MTAxZWFhOTEwZDYyZTJiNDkxMGViYWNjNWYzZjVmYmI3OTIxMzE0MDp7Il9hdXRoX3VzZXJfYmFja2VuZCI6ImRqYW5nby5jb250cmliLmF1dGguYmFja2VuZHMuTW9kZWxCYWNrZW5kIiwiX2F1dGhfdXNlcl9pZCI6MX0="}}, {"pk": 6, "model": "public.caterer", "fields": {"phone": 444444444, "food_item": [28, 29, 30, 31, 32, 39], "name": "Segundo Muelle", "address": "Panama City, Panama"}}, {"pk": 7, "model": "public.caterer", "fields": {"phone": 444444444, "food_item": [15, 16, 17, 18, 19, 20], "name": "Si Se\u00f1or", "address": "Mexico City, Mexico"}}, {"pk": 8, "model": "public.caterer", "fields": {"phone": 4444444444, "food_item": [21, 22, 23, 24, 25], "name": "The Foghorn", "address": "Kirkland, WA"}}, {"pk": 9, "model": "public.caterer", "fields": {"phone": 4444444444, "food_item": [3, 11, 12, 13, 14, 21, 22, 23, 24], "name": "Shanghai Garden", "address": "Issaquah, WA"}}, {"pk": 10, "model": "public.caterer", "fields": {"phone": 4444444444, "food_item": [4, 5, 6, 8, 9, 10], "name": "Smoke Shack", "address": "San Antonio, TX"}}, {"pk": 11, "model": "public.caterer", "fields": {"phone": 4255308500, "food_item": [33, 34, 35, 36, 37, 38], "name": "Restaurant Puk", "address": "Copenhagen, Denmark"}}, {"pk": 3, "model": "public.fooditem", "fields": {"price": "0", "type": "Chinese", "name": "Chow Mein", "image": "no image"}}, {"pk": 4, "model": "public.fooditem", "fields": {"price": "0", "type": "BBQ FOOD", "name": "Baked Beans", "image": "no image"}}, {"pk": 5, "model": "public.fooditem", "fields": {"price": "0", "type": "BBQ FOOD", "name": "Barbecue Chicken", "image": "no image"}}, {"pk": 6, "model": "public.fooditem", "fields": {"price": "0", "type": "BBQ FOOD", "name": "Corn Muffins", "image": "no image"}}, {"pk": 8, "model": "public.fooditem", "fields": {"price": "0", "type": "BBQ FOOD", "name": "Barbecue Pork Ribs", "image": "no image"}}, {"pk": 9, "model": "public.fooditem", "fields": {"price": "0", "type": "BBQ", "name": "BBQ Pulled Pork Sandwich", "image": "no image"}}, {"pk": 10, "model": "public.fooditem", "fields": {"price": "0", "type": "BBQ FOOD", "name": "Barbecue Beef Spare Ribs", "image": "no image"}}, {"pk": 11, "model": "public.fooditem", "fields": {"price": "0", "type": "Chinese", "name": "General Tso's Chicken", "image": "no image"}}, {"pk": 12, "model": "public.fooditem", "fields": {"price": "0", "type": "Chinese", "name": "Mongolian Beef", "image": "no image"}}, {"pk": 13, "model": "public.fooditem", "fields": {"price": "0", "type": "Chinese", "name": "Sweet & Sour Prawns", "image": "no image"}}, {"pk": 14, "model": "public.fooditem", "fields": {"price": "0", "type": "Chinese", "name": "Vegetable Chow Mein", "image": "no image"}}, {"pk": 15, "model": "public.fooditem", "fields": {"price": "0", "type": "Mexican", "name": "Bistek", "image": "no image"}}, {"pk": 16, "model": "public.fooditem", "fields": {"price": "0", "type": "Mexican", "name": "Burrito Grande", "image": "no image"}}, {"pk": 17, "model": "public.fooditem", "fields": {"price": "5.55", "type": "Mexican", "name": "Chile Verde", "image": "/Users/dstephenson/Copy/PycharmProjects/catering/catering-frontend/app/img/Chile Verde, Mexican.JPG"}}, {"pk": 18, "model": "public.fooditem", "fields": {"price": "0", "type": "Mexican", "name": "Fajitas", "image": "no image"}}, {"pk": 19, "model": "public.fooditem", "fields": {"price": "0", "type": "Mexican", "name": "Tortilla Wrap Rollups", "image": "no image"}}, {"pk": 20, "model": "public.fooditem", "fields": {"price": "0", "type": "Mexican", "name": "Tacos", "image": "no image"}}, {"pk": 21, "model": "public.fooditem", "fields": {"price": "0", "type": "Seafood", "name": "Halibut, Pumpkin Crusted", "image": "no image"}}, {"pk": 22, "model": "public.fooditem", "fields": {"price": "0", "type": "Seafood", "name": "Jambalaya", "image": "no image"}}, {"pk": 23, "model": "public.fooditem", "fields": {"price": "0", "type": "Seafood", "name": "Salmon, Mustard Glazed", "image": "salmon-mustard-glazed.jpg"}}, {"pk": 24, "model": "public.fooditem", "fields": {"price": "0", "type": "Seafood", "name": "Sea Bass, Pan Roasted", "image": "Sea-Bass-pan-roasted.jpg"}}, {"pk": 25, "model": "public.fooditem", "fields": {"price": "0", "type": "Seafood", "name": "Shrimp Paella", "image": "Shrimp-Paella.JPG"}}, {"pk": 27, "model": "public.fooditem", "fields": {"price": "0", "type": "Panamanian", "name": "Pescado a la Parilla", "image": "pescado-a-la-parilla.jpg"}}, {"pk": 28, "model": "public.fooditem", "fields": {"price": "0", "type": "Panamanian", "name": "Empanadas", "image": "empanadas.JPG"}}, {"pk": 29, "model": "public.fooditem", "fields": {"price": "0", "type": "Panamanian", "name": "Arroz con Frijoles", "image": "arroz-con-frijoles.jpg"}}, {"pk": 30, "model": "public.fooditem", "fields": {"price": "0", "type": "Panamanian", "name": "Arroz con Lentejas", "image": "arroz-lentajes-y-pescado.jpg"}}, {"pk": 31, "model": "public.fooditem", "fields": {"price": "0", "type": "Panamanian", "name": "Arroz con Pollo", "image": "arroz-con-pollo-y-platano.jpg"}}, {"pk": 32, "model": "public.fooditem", "fields": {"price": "0", "type": "Panamanian", "name": "Patacones", "image": "Patacones.jpeg"}}, {"pk": 33, "model": "public.fooditem", "fields": {"price": "0", "type": "Danish", "name": "R\u00f8dka\u030al", "image": "R\u00f8dk\u00e5l.JPG"}}, {"pk": 34, "model": "public.fooditem", "fields": {"price": "0", "type": "Danish", "name": "\u00c6bleskiver", "image": "aebleskiver copy.jpg"}}, {"pk": 35, "model": "public.fooditem", "fields": {"price": "0", "type": "Danish", "name": "Brunede Kartofler", "image": "Brunede-Kartofler.jpg"}}, {"pk": 36, "model": "public.fooditem", "fields": {"price": "0", "type": "Danish", "name": "Koteletter i Fad", "image": "koteletter-i-fad.jpg"}}, {"pk": 37, "model": "public.fooditem", "fields": {"price": "0", "type": "Danish", "name": "R\u00f8dgr\u00f8d med Fl\u00f8de", "image": "no image"}}, {"pk": 38, "model": "public.fooditem", "fields": {"price": "9.54", "type": "Danish", "name": "Frikadeller", "image": "frikadeller.jpg"}}, {"pk": 39, "model": "public.fooditem", "fields": {"price": "5", "type": "Panamanian", "name": "Arroz con Bacalao", "image": "arroz-con-bacalao.jpg"}}, {"pk": 1, "model": "south.migrationhistory", "fields": {"applied": "2014-07-08T21:10:16.558Z", "app_name": "public", "migration": "0001_initial"}}, {"pk": 2, "model": "south.migrationhistory", "fields": {"applied": "2014-07-09T19:47:40.082Z", "app_name": "public", "migration": "0002_auto__add_fooditems__add_company__add_menu__add_cuisine"}}, {"pk": 3, "model": "south.migrationhistory", "fields": {"applied": "2014-07-09T21:50:52.830Z", "app_name": "public", "migration": "0003_auto__del_fooditems__add_fooditem__chg_field_company_phone"}}, {"pk": 4, "model": "south.migrationhistory", "fields": {"applied": "2014-07-09T22:24:45.070Z", "app_name": "public", "migration": "0004_auto__add_order"}}, {"pk": 5, "model": "south.migrationhistory", "fields": {"applied": "2014-07-09T22:44:43.273Z", "app_name": "public", "migration": "0005_auto__add_food_order"}}, {"pk": 6, "model": "south.migrationhistory", "fields": {"applied": "2014-07-10T20:36:39.308Z", "app_name": "public", "migration": "0006_auto__chg_field_cuisine_name"}}, {"pk": 7, "model": "south.migrationhistory", "fields": {"applied": "2014-07-10T20:36:39.387Z", "app_name": "public", "migration": "0007_auto__del_cuisine__chg_field_order_order__chg_field_fooditem_type__chg"}}, {"pk": 8, "model": "south.migrationhistory", "fields": {"applied": "2014-07-10T20:36:39.403Z", "app_name": "public", "migration": "0008_auto__chg_field_company_menu"}}, {"pk": 9, "model": "south.migrationhistory", "fields": {"applied": "2014-07-10T20:36:39.424Z", "app_name": "public", "migration": "0009_auto__chg_field_company_menu__del_unique_company_menu"}}, {"pk": 10, "model": "south.migrationhistory", "fields": {"applied": "2014-07-10T20:41:15.222Z", "app_name": "public", "migration": "0010_auto__del_food_order__add_foodorder__del_field_company_image"}}, {"pk": 11, "model": "south.migrationhistory", "fields": {"applied": "2014-07-10T21:06:31.922Z", "app_name": "public", "migration": "0011_auto__del_field_foodorder_food_item__add_field_foodorder_FoodItem"}}, {"pk": 12, "model": "south.migrationhistory", "fields": {"applied": "2014-07-10T21:16:39.779Z", "app_name": "public", "migration": "0012_auto__add_field_menu_FoodItem"}}, {"pk": 13, "model": "south.migrationhistory", "fields": {"applied": "2014-07-10T21:27:01.147Z", "app_name": "public", "migration": "0013_auto__chg_field_fooditem_price"}}, {"pk": 14, "model": "south.migrationhistory", "fields": {"applied": "2014-07-15T16:31:36.171Z", "app_name": "public", "migration": "0014_auto__del_company__add_caterer__del_field_fooditem_price__chg_field_me"}}, {"pk": 15, "model": "south.migrationhistory", "fields": {"applied": "2014-07-15T21:17:14.555Z", "app_name": "public", "migration": "0015_auto__add_field_fooditem_price"}}, {"pk": 16, "model": "south.migrationhistory", "fields": {"applied": "2014-07-16T16:30:53.548Z", "app_name": "public", "migration": "0016_auto__del_menu__del_field_caterer_menu__add_field_caterer_food_item"}}, {"pk": 17, "model": "south.migrationhistory", "fields": {"applied": "2014-07-16T17:29:31.599Z", "app_name": "public", "migration": "0017_auto__del_field_caterer_food_item"}}, {"pk": 1, "model": "auth.permission", "fields": {"codename": "add_logentry", "name": "Can add log entry", "content_type": 1}}, {"pk": 2, "model": "auth.permission", "fields": {"codename": "change_logentry", "name": "Can change log entry", "content_type": 1}}, {"pk": 3, "model": "auth.permission", "fields": {"codename": "delete_logentry", "name": "Can delete log entry", "content_type": 1}}, {"pk": 4, "model": "auth.permission", "fields": {"codename": "add_permission", "name": "Can add permission", "content_type": 2}}, {"pk": 5, "model": "auth.permission", "fields": {"codename": "change_permission", "name": "Can change permission", "content_type": 2}}, {"pk": 6, "model": "auth.permission", "fields": {"codename": "delete_permission", "name": "Can delete permission", "content_type": 2}}, {"pk": 7, "model": "auth.permission", "fields": {"codename": "add_group", "name": "Can add group", "content_type": 3}}, {"pk": 8, "model": "auth.permission", "fields": {"codename": "change_group", "name": "Can change group", "content_type": 3}}, {"pk": 9, "model": "auth.permission", "fields": {"codename": "delete_group", "name": "Can delete group", "content_type": 3}}, {"pk": 10, "model": "auth.permission", "fields": {"codename": "add_user", "name": "Can add user", "content_type": 4}}, {"pk": 11, "model": "auth.permission", "fields": {"codename": "change_user", "name": "Can change user", "content_type": 4}}, {"pk": 12, "model": "auth.permission", "fields": {"codename": "delete_user", "name": "Can delete user", "content_type": 4}}, {"pk": 13, "model": "auth.permission", "fields": {"codename": "add_contenttype", "name": "Can add content type", "content_type": 5}}, {"pk": 14, "model": "auth.permission", "fields": {"codename": "change_contenttype", "name": "Can change content type", "content_type": 5}}, {"pk": 15, "model": "auth.permission", "fields": {"codename": "delete_contenttype", "name": "Can delete content type", "content_type": 5}}, {"pk": 16, "model": "auth.permission", "fields": {"codename": "add_session", "name": "Can add session", "content_type": 6}}, {"pk": 17, "model": "auth.permission", "fields": {"codename": "change_session", "name": "Can change session", "content_type": 6}}, {"pk": 18, "model": "auth.permission", "fields": {"codename": "delete_session", "name": "Can delete session", "content_type": 6}}, {"pk": 19, "model": "auth.permission", "fields": {"codename": "add_migrationhistory", "name": "Can add migration history", "content_type": 7}}, {"pk": 20, "model": "auth.permission", "fields": {"codename": "change_migrationhistory", "name": "Can change migration history", "content_type": 7}}, {"pk": 21, "model": "auth.permission", "fields": {"codename": "delete_migrationhistory", "name": "Can delete migration history", "content_type": 7}}, {"pk": 25, "model": "auth.permission", "fields": {"codename": "add_menu", "name": "Can add menu", "content_type": 9}}, {"pk": 26, "model": "auth.permission", "fields": {"codename": "change_menu", "name": "Can change menu", "content_type": 9}}, {"pk": 27, "model": "auth.permission", "fields": {"codename": "delete_menu", "name": "Can delete menu", "content_type": 9}}, {"pk": 34, "model": "auth.permission", "fields": {"codename": "add_fooditem", "name": "Can add food item", "content_type": 12}}, {"pk": 35, "model": "auth.permission", "fields": {"codename": "change_fooditem", "name": "Can change food item", "content_type": 12}}, {"pk": 36, "model": "auth.permission", "fields": {"codename": "delete_fooditem", "name": "Can delete food item", "content_type": 12}}, {"pk": 37, "model": "auth.permission", "fields": {"codename": "add_order", "name": "Can add order", "content_type": 13}}, {"pk": 38, "model": "auth.permission", "fields": {"codename": "change_order", "name": "Can change order", "content_type": 13}}, {"pk": 39, "model": "auth.permission", "fields": {"codename": "delete_order", "name": "Can delete order", "content_type": 13}}, {"pk": 43, "model": "auth.permission", "fields": {"codename": "add_foodorder", "name": "Can add food order", "content_type": 15}}, {"pk": 44, "model": "auth.permission", "fields": {"codename": "change_foodorder", "name": "Can change food order", "content_type": 15}}, {"pk": 45, "model": "auth.permission", "fields": {"codename": "delete_foodorder", "name": "Can delete food order", "content_type": 15}}, {"pk": 46, "model": "auth.permission", "fields": {"codename": "add_caterer", "name": "Can add caterer", "content_type": 16}}, {"pk": 47, "model": "auth.permission", "fields": {"codename": "change_caterer", "name": "Can change caterer", "content_type": 16}}, {"pk": 48, "model": "auth.permission", "fields": {"codename": "delete_caterer", "name": "Can delete caterer", "content_type": 16}}, {"pk": 1, "model": "auth.user", "fields": {"username": "g", "first_name": "", "last_name": "", "is_active": true, "is_superuser": true, "is_staff": true, "last_login": "2014-07-15T21:23:39.090Z", "groups": [], "user_permissions": [], "password": "pbkdf2_sha256$12000$3VOeKkjfuHft$D+9D+XpK3YrlkhCS+CGNcesfxVKfdpiy0FAzIIHWdeY=", "email": "g@g.com", "date_joined": "2014-07-08T21:10:54.042Z"}}, {"pk": 1, "model": "admin.logentry", "fields": {"action_flag": 1, "action_time": "2014-07-09T19:57:34.760Z", "object_repr": "Baked Beans", "object_id": "1", "change_message": "", "user": 1, "content_type": 9}}, {"pk": 2, "model": "admin.logentry", "fields": {"action_flag": 1, "action_time": "2014-07-09T19:58:03.406Z", "object_repr": "Barbecue Chicken", "object_id": "2", "change_message": "", "user": 1, "content_type": 9}}, {"pk": 3, "model": "admin.logentry", "fields": {"action_flag": 1, "action_time": "2014-07-09T19:58:18.543Z", "object_repr": "Corn Muffins", "object_id": "3", "change_message": "", "user": 1, "content_type": 9}}, {"pk": 4, "model": "admin.logentry", "fields": {"action_flag": 1, "action_time": "2014-07-09T19:58:26.778Z", "object_repr": "Pork Ribs", "object_id": "4", "change_message": "", "user": 1, "content_type": 9}}, {"pk": 5, "model": "admin.logentry", "fields": {"action_flag": 1, "action_time": "2014-07-09T19:58:35.193Z", "object_repr": "Pulled Pork", "object_id": "5", "change_message": "", "user": 1, "content_type": 9}}, {"pk": 6, "model": "admin.logentry", "fields": {"action_flag": 1, "action_time": "2014-07-09T19:58:51.610Z", "object_repr": "Barbecue Ribs", "object_id": "6", "change_message": "", "user": 1, "content_type": 9}}, {"pk": 7, "model": "admin.logentry", "fields": {"action_flag": 1, "action_time": "2014-07-09T19:59:32.958Z", "object_repr": "Barbecue Sandwich", "object_id": "7", "change_message": "", "user": 1, "content_type": 9}}, {"pk": 12, "model": "admin.logentry", "fields": {"action_flag": 3, "action_time": "2014-07-09T20:17:16.670Z", "object_repr": "Barbecue Sandwich", "object_id": "7", "change_message": "", "user": 1, "content_type": 9}}, {"pk": 13, "model": "admin.logentry", "fields": {"action_flag": 3, "action_time": "2014-07-09T20:17:16.693Z", "object_repr": "Barbecue Ribs", "object_id": "6", "change_message": "", "user": 1, "content_type": 9}}, {"pk": 14, "model": "admin.logentry", "fields": {"action_flag": 3, "action_time": "2014-07-09T20:17:17.312Z", "object_repr": "Pulled Pork", "object_id": "5", "change_message": "", "user": 1, "content_type": 9}}, {"pk": 15, "model": "admin.logentry", "fields": {"action_flag": 3, "action_time": "2014-07-09T20:17:17.314Z", "object_repr": "Pork Ribs", "object_id": "4", "change_message": "", "user": 1, "content_type": 9}}, {"pk": 16, "model": "admin.logentry", "fields": {"action_flag": 3, "action_time": "2014-07-09T20:17:17.316Z", "object_repr": "Corn Muffins", "object_id": "3", "change_message": "", "user": 1, "content_type": 9}}, {"pk": 17, "model": "admin.logentry", "fields": {"action_flag": 3, "action_time": "2014-07-09T20:17:17.319Z", "object_repr": "Barbecue Chicken", "object_id": "2", "change_message": "", "user": 1, "content_type": 9}}, {"pk": 18, "model": "admin.logentry", "fields": {"action_flag": 3, "action_time": "2014-07-09T20:17:17.321Z", "object_repr": "Baked Beans", "object_id": "1", "change_message": "", "user": 1, "content_type": 9}}, {"pk": 19, "model": "admin.logentry", "fields": {"action_flag": 1, "action_time": "2014-07-09T20:18:10.193Z", "object_repr": "breakst", "object_id": "1", "change_message": "", "user": 1, "content_type": 9}}, {"pk": 22, "model": "admin.logentry", "fields": {"action_flag": 1, "action_time": "2014-07-10T15:50:04.392Z", "object_repr": "lunch", "object_id": "2", "change_message": "", "user": 1, "content_type": 9}}, {"pk": 23, "model": "admin.logentry", "fields": {"action_flag": 1, "action_time": "2014-07-10T15:50:11.031Z", "object_repr": "dinner", "object_id": "3", "change_message": "", "user": 1, "content_type": 9}}, {"pk": 24, "model": "admin.logentry", "fields": {"action_flag": 1, "action_time": "2014-07-10T15:50:15.504Z", "object_repr": "dessert", "object_id": "4", "change_message": "", "user": 1, "content_type": 9}}, {"pk": 27, "model": "admin.logentry", "fields": {"action_flag": 1, "action_time": "2014-07-10T19:17:59.991Z", "object_repr": "Baked Beans", "object_id": "5", "change_message": "", "user": 1, "content_type": 9}}, {"pk": 28, "model": "admin.logentry", "fields": {"action_flag": 1, "action_time": "2014-07-10T19:18:11.345Z", "object_repr": "Barbecue Chicken", "object_id": "6", "change_message": "", "user": 1, "content_type": 9}}, {"pk": 29, "model": "admin.logentry", "fields": {"action_flag": 1, "action_time": "2014-07-10T19:18:17.908Z", "object_repr": "Corn Muffins", "object_id": "7", "change_message": "", "user": 1, "content_type": 9}}, {"pk": 30, "model": "admin.logentry", "fields": {"action_flag": 1, "action_time": "2014-07-10T19:18:26.866Z", "object_repr": "Pork Ribs", "object_id": "8", "change_message": "", "user": 1, "content_type": 9}}, {"pk": 31, "model": "admin.logentry", "fields": {"action_flag": 1, "action_time": "2014-07-10T19:18:31.264Z", "object_repr": "Pulled Pork", "object_id": "9", "change_message": "", "user": 1, "content_type": 9}}, {"pk": 32, "model": "admin.logentry", "fields": {"action_flag": 1, "action_time": "2014-07-10T19:18:49.738Z", "object_repr": "Barbecue Pork Sandwich", "object_id": "10", "change_message": "", "user": 1, "content_type": 9}}, {"pk": 33, "model": "admin.logentry", "fields": {"action_flag": 1, "action_time": "2014-07-10T19:19:01.580Z", "object_repr": "Barbecue Beef Spare Ribs", "object_id": "11", "change_message": "", "user": 1, "content_type": 9}}, {"pk": 34, "model": "admin.logentry", "fields": {"action_flag": 1, "action_time": "2014-07-10T19:19:08.823Z", "object_repr": "Chow Mein", "object_id": "12", "change_message": "", "user": 1, "content_type": 9}}, {"pk": 35, "model": "admin.logentry", "fields": {"action_flag": 1, "action_time": "2014-07-10T19:19:18.128Z", "object_repr": "General Tso's Chicken", "object_id": "13", "change_message": "", "user": 1, "content_type": 9}}, {"pk": 36, "model": "admin.logentry", "fields": {"action_flag": 1, "action_time": "2014-07-10T19:19:24.023Z", "object_repr": "Mongolian Beef", "object_id": "14", "change_message": "", "user": 1, "content_type": 9}}, {"pk": 37, "model": "admin.logentry", "fields": {"action_flag": 1, "action_time": "2014-07-10T19:19:34.203Z", "object_repr": "Sweet & Sour Prawns", "object_id": "15", "change_message": "", "user": 1, "content_type": 9}}, {"pk": 38, "model": "admin.logentry", "fields": {"action_flag": 1, "action_time": "2014-07-10T19:19:43.134Z", "object_repr": "Vegetable Chow Mein", "object_id": "16", "change_message": "", "user": 1, "content_type": 9}}, {"pk": 39, "model": "admin.logentry", "fields": {"action_flag": 1, "action_time": "2014-07-10T19:19:48.477Z", "object_repr": "Beef Steak", "object_id": "17", "change_message": "", "user": 1, "content_type": 9}}, {"pk": 40, "model": "admin.logentry", "fields": {"action_flag": 1, "action_time": "2014-07-10T19:19:56.024Z", "object_repr": "Giant Burrito", "object_id": "18", "change_message": "", "user": 1, "content_type": 9}}, {"pk": 41, "model": "admin.logentry", "fields": {"action_flag": 1, "action_time": "2014-07-10T19:22:03.144Z", "object_repr": "Chile Verde", "object_id": "19", "change_message": "", "user": 1, "content_type": 9}}, {"pk": 42, "model": "admin.logentry", "fields": {"action_flag": 1, "action_time": "2014-07-10T19:22:58.337Z", "object_repr": "Fajitas", "object_id": "20", "change_message": "", "user": 1, "content_type": 9}}, {"pk": 43, "model": "admin.logentry", "fields": {"action_flag": 3, "action_time": "2014-07-10T19:23:56.329Z", "object_repr": "Fajitas", "object_id": "20", "change_message": "", "user": 1, "content_type": 9}}, {"pk": 44, "model": "admin.logentry", "fields": {"action_flag": 3, "action_time": "2014-07-10T19:23:56.383Z", "object_repr": "Chile Verde", "object_id": "19", "change_message": "", "user": 1, "content_type": 9}}, {"pk": 45, "model": "admin.logentry", "fields": {"action_flag": 3, "action_time": "2014-07-10T19:23:56.389Z", "object_repr": "Giant Burrito", "object_id": "18", "change_message": "", "user": 1, "content_type": 9}}, {"pk": 46, "model": "admin.logentry", "fields": {"action_flag": 3, "action_time": "2014-07-10T19:23:56.390Z", "object_repr": "Beef Steak", "object_id": "17", "change_message": "", "user": 1, "content_type": 9}}, {"pk": 47, "model": "admin.logentry", "fields": {"action_flag": 3, "action_time": "2014-07-10T19:23:56.392Z", "object_repr": "Vegetable Chow Mein", "object_id": "16", "change_message": "", "user": 1, "content_type": 9}}, {"pk": 48, "model": "admin.logentry", "fields": {"action_flag": 3, "action_time": "2014-07-10T19:23:56.394Z", "object_repr": "Sweet & Sour Prawns", "object_id": "15", "change_message": "", "user": 1, "content_type": 9}}, {"pk": 49, "model": "admin.logentry", "fields": {"action_flag": 3, "action_time": "2014-07-10T19:23:56.396Z", "object_repr": "Mongolian Beef", "object_id": "14", "change_message": "", "user": 1, "content_type": 9}}, {"pk": 50, "model": "admin.logentry", "fields": {"action_flag": 3, "action_time": "2014-07-10T19:23:56.398Z", "object_repr": "General Tso's Chicken", "object_id": "13", "change_message": "", "user": 1, "content_type": 9}}, {"pk": 51, "model": "admin.logentry", "fields": {"action_flag": 3, "action_time": "2014-07-10T19:23:56.418Z", "object_repr": "Chow Mein", "object_id": "12", "change_message": "", "user": 1, "content_type": 9}}, {"pk": 52, "model": "admin.logentry", "fields": {"action_flag": 3, "action_time": "2014-07-10T19:23:56.419Z", "object_repr": "Barbecue Beef Spare Ribs", "object_id": "11", "change_message": "", "user": 1, "content_type": 9}}, {"pk": 53, "model": "admin.logentry", "fields": {"action_flag": 3, "action_time": "2014-07-10T19:23:56.423Z", "object_repr": "Barbecue Pork Sandwich", "object_id": "10", "change_message": "", "user": 1, "content_type": 9}}, {"pk": 54, "model": "admin.logentry", "fields": {"action_flag": 3, "action_time": "2014-07-10T19:23:56.427Z", "object_repr": "Pulled Pork", "object_id": "9", "change_message": "", "user": 1, "content_type": 9}}, {"pk": 55, "model": "admin.logentry", "fields": {"action_flag": 3, "action_time": "2014-07-10T19:23:56.429Z", "object_repr": "Pork Ribs", "object_id": "8", "change_message": "", "user": 1, "content_type": 9}}, {"pk": 56, "model": "admin.logentry", "fields": {"action_flag": 3, "action_time": "2014-07-10T19:23:56.434Z", "object_repr": "Corn Muffins", "object_id": "7", "change_message": "", "user": 1, "content_type": 9}}, {"pk": 57, "model": "admin.logentry", "fields": {"action_flag": 3, "action_time": "2014-07-10T19:23:56.435Z", "object_repr": "Barbecue Chicken", "object_id": "6", "change_message": "", "user": 1, "content_type": 9}}, {"pk": 58, "model": "admin.logentry", "fields": {"action_flag": 3, "action_time": "2014-07-10T19:23:56.437Z", "object_repr": "Baked Beans", "object_id": "5", "change_message": "", "user": 1, "content_type": 9}}, {"pk": 63, "model": "admin.logentry", "fields": {"action_flag": 3, "action_time": "2014-07-10T19:57:57.990Z", "object_repr": "dessert", "object_id": "4", "change_message": "", "user": 1, "content_type": 9}}, {"pk": 64, "model": "admin.logentry", "fields": {"action_flag": 3, "action_time": "2014-07-10T19:57:57.992Z", "object_repr": "dinner", "object_id": "3", "change_message": "", "user": 1, "content_type": 9}}, {"pk": 65, "model": "admin.logentry", "fields": {"action_flag": 3, "action_time": "2014-07-10T19:57:58.003Z", "object_repr": "lunch", "object_id": "2", "change_message": "", "user": 1, "content_type": 9}}, {"pk": 66, "model": "admin.logentry", "fields": {"action_flag": 3, "action_time": "2014-07-10T19:57:58.005Z", "object_repr": "breakst", "object_id": "1", "change_message": "", "user": 1, "content_type": 9}}, {"pk": 67, "model": "admin.logentry", "fields": {"action_flag": 1, "action_time": "2014-07-10T19:59:27.794Z", "object_repr": "BBQ FOO", "object_id": "1", "change_message": "", "user": 1, "content_type": 9}}, {"pk": 68, "model": "admin.logentry", "fields": {"action_flag": 1, "action_time": "2014-07-10T19:59:35.512Z", "object_repr": "MEXICAN FOOD", "object_id": "2", "change_message": "", "user": 1, "content_type": 9}}, {"pk": 69, "model": "admin.logentry", "fields": {"action_flag": 1, "action_time": "2014-07-10T19:59:41.602Z", "object_repr": "SEAFOOD", "object_id": "3", "change_message": "", "user": 1, "content_type": 9}}, {"pk": 70, "model": "admin.logentry", "fields": {"action_flag": 1, "action_time": "2014-07-10T19:59:52.574Z", "object_repr": "CHINESE", "object_id": "4", "change_message": "", "user": 1, "content_type": 9}}, {"pk": 71, "model": "admin.logentry", "fields": {"action_flag": 3, "action_time": "2014-07-10T20:00:20.213Z", "object_repr": "CHINESE", "object_id": "4", "change_message": "", "user": 1, "content_type": 9}}, {"pk": 72, "model": "admin.logentry", "fields": {"action_flag": 3, "action_time": "2014-07-10T20:00:20.216Z", "object_repr": "SEAFOOD", "object_id": "3", "change_message": "", "user": 1, "content_type": 9}}, {"pk": 73, "model": "admin.logentry", "fields": {"action_flag": 3, "action_time": "2014-07-10T20:00:20.218Z", "object_repr": "BBQ FOO", "object_id": "1", "change_message": "", "user": 1, "content_type": 9}}, {"pk": 75, "model": "admin.logentry", "fields": {"action_flag": 1, "action_time": "2014-07-10T20:37:44.115Z", "object_repr": "kfskdakjf", "object_id": "3", "change_message": "", "user": 1, "content_type": 9}}, {"pk": 76, "model": "admin.logentry", "fields": {"action_flag": 3, "action_time": "2014-07-10T20:38:30.630Z", "object_repr": "kfskdakjf", "object_id": "3", "change_message": "", "user": 1, "content_type": 9}}, {"pk": 77, "model": "admin.logentry", "fields": {"action_flag": 1, "action_time": "2014-07-10T21:08:06.056Z", "object_repr": "Taco Bell", "object_id": "3", "change_message": "", "user": 1, "content_type": 9}}, {"pk": 78, "model": "admin.logentry", "fields": {"action_flag": 1, "action_time": "2014-07-10T21:19:44.794Z", "object_repr": "Baked Beans", "object_id": "1", "change_message": "", "user": 1, "content_type": 12}}, {"pk": 79, "model": "admin.logentry", "fields": {"action_flag": 1, "action_time": "2014-07-10T21:19:46.956Z", "object_repr": "BBQ FOOD", "object_id": "4", "change_message": "", "user": 1, "content_type": 9}}, {"pk": 80, "model": "admin.logentry", "fields": {"action_flag": 1, "action_time": "2014-07-10T21:42:18.415Z", "object_repr": "Chile Verde", "object_id": "2", "change_message": "", "user": 1, "content_type": 12}}, {"pk": 81, "model": "admin.logentry", "fields": {"action_flag": 1, "action_time": "2014-07-11T23:07:44.758Z", "object_repr": "Chow Mein", "object_id": "3", "change_message": "", "user": 1, "content_type": 12}}, {"pk": 82, "model": "admin.logentry", "fields": {"action_flag": 1, "action_time": "2014-07-11T23:07:46.317Z", "object_repr": "CHINESE FOOD", "object_id": "5", "change_message": "", "user": 1, "content_type": 9}}, {"pk": 84, "model": "admin.logentry", "fields": {"action_flag": 1, "action_time": "2014-07-11T23:08:38.553Z", "object_repr": "Baked Beans", "object_id": "4", "change_message": "", "user": 1, "content_type": 12}}, {"pk": 85, "model": "admin.logentry", "fields": {"action_flag": 1, "action_time": "2014-07-11T23:08:58.975Z", "object_repr": "Barbecue Chicken", "object_id": "5", "change_message": "", "user": 1, "content_type": 12}}, {"pk": 86, "model": "admin.logentry", "fields": {"action_flag": 1, "action_time": "2014-07-11T23:09:14.307Z", "object_repr": "Corn Muffins", "object_id": "6", "change_message": "", "user": 1, "content_type": 12}}, {"pk": 87, "model": "admin.logentry", "fields": {"action_flag": 1, "action_time": "2014-07-11T23:09:38.296Z", "object_repr": "Barbecue Pork Ribs", "object_id": "7", "change_message": "", "user": 1, "content_type": 12}}, {"pk": 88, "model": "admin.logentry", "fields": {"action_flag": 1, "action_time": "2014-07-11T23:10:16.618Z", "object_repr": "Barbecue Pork Ribs", "object_id": "8", "change_message": "", "user": 1, "content_type": 12}}, {"pk": 89, "model": "admin.logentry", "fields": {"action_flag": 1, "action_time": "2014-07-11T23:10:40.524Z", "object_repr": "Barbecue Pulled Pork", "object_id": "9", "change_message": "", "user": 1, "content_type": 12}}, {"pk": 90, "model": "admin.logentry", "fields": {"action_flag": 2, "action_time": "2014-07-11T23:10:43.557Z", "object_repr": "Barbecue Pulled Pork", "object_id": "9", "change_message": "No fields changed.", "user": 1, "content_type": 12}}, {"pk": 91, "model": "admin.logentry", "fields": {"action_flag": 3, "action_time": "2014-07-11T23:10:53.291Z", "object_repr": "Barbecue Pork Ribs", "object_id": "7", "change_message": "", "user": 1, "content_type": 12}}, {"pk": 92, "model": "admin.logentry", "fields": {"action_flag": 1, "action_time": "2014-07-11T23:11:21.093Z", "object_repr": "Barbecue Beef Spare Ribs", "object_id": "10", "change_message": "", "user": 1, "content_type": 12}}, {"pk": 93, "model": "admin.logentry", "fields": {"action_flag": 1, "action_time": "2014-07-11T23:11:56.441Z", "object_repr": "General Tso's Chicken", "object_id": "11", "change_message": "", "user": 1, "content_type": 12}}, {"pk": 94, "model": "admin.logentry", "fields": {"action_flag": 1, "action_time": "2014-07-11T23:12:14.797Z", "object_repr": "Mongolian Beef", "object_id": "12", "change_message": "", "user": 1, "content_type": 12}}, {"pk": 95, "model": "admin.logentry", "fields": {"action_flag": 1, "action_time": "2014-07-11T23:12:28.307Z", "object_repr": "Sweet & Sour Prawns", "object_id": "13", "change_message": "", "user": 1, "content_type": 12}}, {"pk": 96, "model": "admin.logentry", "fields": {"action_flag": 1, "action_time": "2014-07-11T23:12:48.177Z", "object_repr": "Vegetable Chow Mein", "object_id": "14", "change_message": "", "user": 1, "content_type": 12}}, {"pk": 97, "model": "admin.logentry", "fields": {"action_flag": 1, "action_time": "2014-07-11T23:13:43.578Z", "object_repr": "Bistek", "object_id": "15", "change_message": "", "user": 1, "content_type": 12}}, {"pk": 98, "model": "admin.logentry", "fields": {"action_flag": 1, "action_time": "2014-07-11T23:13:59.975Z", "object_repr": "Burrito Grande", "object_id": "16", "change_message": "", "user": 1, "content_type": 12}}, {"pk": 99, "model": "admin.logentry", "fields": {"action_flag": 1, "action_time": "2014-07-11T23:14:10.938Z", "object_repr": "Chile Verde", "object_id": "17", "change_message": "", "user": 1, "content_type": 12}}, {"pk": 100, "model": "admin.logentry", "fields": {"action_flag": 1, "action_time": "2014-07-11T23:14:22.148Z", "object_repr": "Fajitas", "object_id": "18", "change_message": "", "user": 1, "content_type": 12}}, {"pk": 101, "model": "admin.logentry", "fields": {"action_flag": 1, "action_time": "2014-07-11T23:15:24.319Z", "object_repr": "Tortilla Wrap Rollups", "object_id": "19", "change_message": "", "user": 1, "content_type": 12}}, {"pk": 102, "model": "admin.logentry", "fields": {"action_flag": 1, "action_time": "2014-07-11T23:15:37.267Z", "object_repr": "Tacos", "object_id": "20", "change_message": "", "user": 1, "content_type": 12}}, {"pk": 103, "model": "admin.logentry", "fields": {"action_flag": 1, "action_time": "2014-07-11T23:16:02.322Z", "object_repr": "Halibut, Pumpkin Crusted", "object_id": "21", "change_message": "", "user": 1, "content_type": 12}}, {"pk": 104, "model": "admin.logentry", "fields": {"action_flag": 1, "action_time": "2014-07-11T23:16:15.248Z", "object_repr": "Jambalaya", "object_id": "22", "change_message": "", "user": 1, "content_type": 12}}, {"pk": 105, "model": "admin.logentry", "fields": {"action_flag": 1, "action_time": "2014-07-11T23:16:29.084Z", "object_repr": "Salmon, Mustard Glazed", "object_id": "23", "change_message": "", "user": 1, "content_type": 12}}, {"pk": 106, "model": "admin.logentry", "fields": {"action_flag": 1, "action_time": "2014-07-11T23:16:49.940Z", "object_repr": "Sea Bass, Pan Roasted", "object_id": "24", "change_message": "", "user": 1, "content_type": 12}}, {"pk": 107, "model": "admin.logentry", "fields": {"action_flag": 1, "action_time": "2014-07-11T23:17:09.691Z", "object_repr": "Shrimp Paella", "object_id": "25", "change_message": "", "user": 1, "content_type": 12}}, {"pk": 108, "model": "admin.logentry", "fields": {"action_flag": 3, "action_time": "2014-07-11T23:17:53.953Z", "object_repr": "Chile Verde", "object_id": "2", "change_message": "", "user": 1, "content_type": 12}}, {"pk": 109, "model": "admin.logentry", "fields": {"action_flag": 3, "action_time": "2014-07-11T23:17:53.980Z", "object_repr": "Baked Beans", "object_id": "1", "change_message": "", "user": 1, "content_type": 12}}, {"pk": 110, "model": "admin.logentry", "fields": {"action_flag": 2, "action_time": "2014-07-11T23:19:17.950Z", "object_repr": "Barbecue Pulled Pork Sand", "object_id": "9", "change_message": "Changed name and type.", "user": 1, "content_type": 12}}, {"pk": 111, "model": "admin.logentry", "fields": {"action_flag": 2, "action_time": "2014-07-11T23:19:46.214Z", "object_repr": "BBQ Pulled Pork Sandwich", "object_id": "9", "change_message": "Changed name.", "user": 1, "content_type": 12}}, {"pk": 112, "model": "admin.logentry", "fields": {"action_flag": 1, "action_time": "2014-07-11T23:23:30.586Z", "object_repr": "Frikadaller", "object_id": "26", "change_message": "", "user": 1, "content_type": 12}}, {"pk": 113, "model": "admin.logentry", "fields": {"action_flag": 1, "action_time": "2014-07-11T23:23:32.571Z", "object_repr": "DANISH", "object_id": "6", "change_message": "", "user": 1, "content_type": 9}}, {"pk": 118, "model": "admin.logentry", "fields": {"action_flag": 3, "action_time": "2014-07-11T23:26:10.641Z", "object_repr": "Taco Bell", "object_id": "3", "change_message": "", "user": 1, "content_type": 9}}, {"pk": 119, "model": "admin.logentry", "fields": {"action_flag": 2, "action_time": "2014-07-11T23:26:20.024Z", "object_repr": "CHINESE", "object_id": "5", "change_message": "Changed name.", "user": 1, "content_type": 9}}, {"pk": 120, "model": "admin.logentry", "fields": {"action_flag": 1, "action_time": "2014-07-11T23:27:24.684Z", "object_repr": "SEAFOOD", "object_id": "7", "change_message": "", "user": 1, "content_type": 9}}, {"pk": 124, "model": "admin.logentry", "fields": {"action_flag": 1, "action_time": "2014-07-11T23:30:18.297Z", "object_repr": "BBQ", "object_id": "8", "change_message": "", "user": 1, "content_type": 9}}, {"pk": 126, "model": "admin.logentry", "fields": {"action_flag": 1, "action_time": "2014-07-11T23:43:59.134Z", "object_repr": "Pescado a la Parilla", "object_id": "27", "change_message": "", "user": 1, "content_type": 12}}, {"pk": 127, "model": "admin.logentry", "fields": {"action_flag": 1, "action_time": "2014-07-12T00:14:58.588Z", "object_repr": "Empanadas", "object_id": "28", "change_message": "", "user": 1, "content_type": 12}}, {"pk": 128, "model": "admin.logentry", "fields": {"action_flag": 1, "action_time": "2014-07-12T00:15:00.510Z", "object_repr": "Panamanian", "object_id": "9", "change_message": "", "user": 1, "content_type": 9}}, {"pk": 131, "model": "admin.logentry", "fields": {"action_flag": 1, "action_time": "2014-07-12T00:16:01.759Z", "object_repr": "Arroz con Frijoles", "object_id": "29", "change_message": "", "user": 1, "content_type": 12}}, {"pk": 132, "model": "admin.logentry", "fields": {"action_flag": 1, "action_time": "2014-07-12T00:16:57.852Z", "object_repr": "Arroz con Lentajes", "object_id": "30", "change_message": "", "user": 1, "content_type": 12}}, {"pk": 133, "model": "admin.logentry", "fields": {"action_flag": 1, "action_time": "2014-07-12T00:17:15.400Z", "object_repr": "Arroz con Pollo", "object_id": "31", "change_message": "", "user": 1, "content_type": 12}}, {"pk": 134, "model": "admin.logentry", "fields": {"action_flag": 1, "action_time": "2014-07-12T00:23:42.841Z", "object_repr": "Patacones", "object_id": "32", "change_message": "", "user": 1, "content_type": 12}}, {"pk": 135, "model": "admin.logentry", "fields": {"action_flag": 1, "action_time": "2014-07-12T00:26:01.430Z", "object_repr": "R\u00f8dka\u030al", "object_id": "33", "change_message": "", "user": 1, "content_type": 12}}, {"pk": 136, "model": "admin.logentry", "fields": {"action_flag": 1, "action_time": "2014-07-12T00:27:12.923Z", "object_repr": "\u00c6bleskiver", "object_id": "34", "change_message": "", "user": 1, "content_type": 12}}, {"pk": 137, "model": "admin.logentry", "fields": {"action_flag": 1, "action_time": "2014-07-12T00:27:36.196Z", "object_repr": "Brunede Kartofler", "object_id": "35", "change_message": "", "user": 1, "content_type": 12}}, {"pk": 138, "model": "admin.logentry", "fields": {"action_flag": 1, "action_time": "2014-07-12T00:27:53.780Z", "object_repr": "Koteletter i Fad", "object_id": "36", "change_message": "", "user": 1, "content_type": 12}}, {"pk": 139, "model": "admin.logentry", "fields": {"action_flag": 1, "action_time": "2014-07-12T00:28:59.449Z", "object_repr": "R\u00f8dgr\u00f8d med Fl\u00f8de", "object_id": "37", "change_message": "", "user": 1, "content_type": 12}}, {"pk": 140, "model": "admin.logentry", "fields": {"action_flag": 1, "action_time": "2014-07-12T00:29:47.135Z", "object_repr": "Frikadaller", "object_id": "38", "change_message": "", "user": 1, "content_type": 12}}, {"pk": 141, "model": "admin.logentry", "fields": {"action_flag": 3, "action_time": "2014-07-12T00:30:01.041Z", "object_repr": "Frikadaller", "object_id": "26", "change_message": "", "user": 1, "content_type": 12}}, {"pk": 142, "model": "admin.logentry", "fields": {"action_flag": 2, "action_time": "2014-07-12T00:30:10.875Z", "object_repr": "Frikadeller", "object_id": "38", "change_message": "Changed name.", "user": 1, "content_type": 12}}, {"pk": 143, "model": "admin.logentry", "fields": {"action_flag": 1, "action_time": "2014-07-12T00:35:23.917Z", "object_repr": "DANISH", "object_id": "10", "change_message": "", "user": 1, "content_type": 9}}, {"pk": 152, "model": "admin.logentry", "fields": {"action_flag": 2, "action_time": "2014-07-12T00:41:58.939Z", "object_repr": "Danish", "object_id": "10", "change_message": "Changed name.", "user": 1, "content_type": 9}}, {"pk": 153, "model": "admin.logentry", "fields": {"action_flag": 2, "action_time": "2014-07-12T00:42:05.881Z", "object_repr": "Barbecue", "object_id": "8", "change_message": "Changed name.", "user": 1, "content_type": 9}}, {"pk": 154, "model": "admin.logentry", "fields": {"action_flag": 2, "action_time": "2014-07-12T00:42:15.320Z", "object_repr": "Seafood", "object_id": "7", "change_message": "Changed name.", "user": 1, "content_type": 9}}, {"pk": 155, "model": "admin.logentry", "fields": {"action_flag": 2, "action_time": "2014-07-12T00:42:21.078Z", "object_repr": "Chinese", "object_id": "5", "change_message": "Changed name.", "user": 1, "content_type": 9}}, {"pk": 156, "model": "admin.logentry", "fields": {"action_flag": 2, "action_time": "2014-07-12T00:42:32.324Z", "object_repr": "Mexican", "object_id": "2", "change_message": "Changed name and FoodItem.", "user": 1, "content_type": 9}}, {"pk": 157, "model": "admin.logentry", "fields": {"action_flag": 2, "action_time": "2014-07-12T00:43:20.096Z", "object_repr": "Koteletter i Fad", "object_id": "36", "change_message": "No fields changed.", "user": 1, "content_type": 12}}, {"pk": 158, "model": "admin.logentry", "fields": {"action_flag": 2, "action_time": "2014-07-12T16:43:43.874Z", "object_repr": "Arroz con Lentejas", "object_id": "30", "change_message": "Changed name.", "user": 1, "content_type": 12}}, {"pk": 159, "model": "admin.logentry", "fields": {"action_flag": 1, "action_time": "2014-07-15T16:32:20.103Z", "object_repr": "Caterer 1", "object_id": "1", "change_message": "", "user": 1, "content_type": 16}}, {"pk": 160, "model": "admin.logentry", "fields": {"action_flag": 1, "action_time": "2014-07-15T16:32:25.987Z", "object_repr": "Caterer 2", "object_id": "2", "change_message": "", "user": 1, "content_type": 16}}, {"pk": 161, "model": "admin.logentry", "fields": {"action_flag": 1, "action_time": "2014-07-15T16:32:32.097Z", "object_repr": "Caterer 3", "object_id": "3", "change_message": "", "user": 1, "content_type": 16}}, {"pk": 162, "model": "admin.logentry", "fields": {"action_flag": 1, "action_time": "2014-07-15T16:32:37.507Z", "object_repr": "Caterer 4", "object_id": "4", "change_message": "", "user": 1, "content_type": 16}}, {"pk": 163, "model": "admin.logentry", "fields": {"action_flag": 1, "action_time": "2014-07-15T16:32:43.814Z", "object_repr": "Caterer 5", "object_id": "5", "change_message": "", "user": 1, "content_type": 16}}, {"pk": 164, "model": "admin.logentry", "fields": {"action_flag": 1, "action_time": "2014-07-15T19:30:33.029Z", "object_repr": "El Puente Mueble", "object_id": "6", "change_message": "", "user": 1, "content_type": 16}}, {"pk": 165, "model": "admin.logentry", "fields": {"action_flag": 1, "action_time": "2014-07-15T19:30:55.390Z", "object_repr": "Si Se\u00f1or", "object_id": "7", "change_message": "", "user": 1, "content_type": 16}}, {"pk": 166, "model": "admin.logentry", "fields": {"action_flag": 1, "action_time": "2014-07-15T19:31:38.639Z", "object_repr": "The Foghorn", "object_id": "8", "change_message": "", "user": 1, "content_type": 16}}, {"pk": 167, "model": "admin.logentry", "fields": {"action_flag": 1, "action_time": "2014-07-15T19:31:53.757Z", "object_repr": "Shanghai Garden", "object_id": "9", "change_message": "", "user": 1, "content_type": 16}}, {"pk": 168, "model": "admin.logentry", "fields": {"action_flag": 3, "action_time": "2014-07-15T19:32:31.269Z", "object_repr": "Caterer 5", "object_id": "5", "change_message": "", "user": 1, "content_type": 16}}, {"pk": 169, "model": "admin.logentry", "fields": {"action_flag": 3, "action_time": "2014-07-15T19:32:31.272Z", "object_repr": "Caterer 4", "object_id": "4", "change_message": "", "user": 1, "content_type": 16}}, {"pk": 170, "model": "admin.logentry", "fields": {"action_flag": 3, "action_time": "2014-07-15T19:32:31.273Z", "object_repr": "Caterer 3", "object_id": "3", "change_message": "", "user": 1, "content_type": 16}}, {"pk": 171, "model": "admin.logentry", "fields": {"action_flag": 3, "action_time": "2014-07-15T19:32:31.274Z", "object_repr": "Caterer 2", "object_id": "2", "change_message": "", "user": 1, "content_type": 16}}, {"pk": 172, "model": "admin.logentry", "fields": {"action_flag": 3, "action_time": "2014-07-15T19:32:31.276Z", "object_repr": "Caterer 1", "object_id": "1", "change_message": "", "user": 1, "content_type": 16}}, {"pk": 173, "model": "admin.logentry", "fields": {"action_flag": 1, "action_time": "2014-07-15T19:34:46.169Z", "object_repr": "Smoke Shack", "object_id": "10", "change_message": "", "user": 1, "content_type": 16}}, {"pk": 174, "model": "admin.logentry", "fields": {"action_flag": 1, "action_time": "2014-07-15T19:36:27.907Z", "object_repr": "Restaurant Puk", "object_id": "11", "change_message": "", "user": 1, "content_type": 16}}, {"pk": 175, "model": "admin.logentry", "fields": {"action_flag": 2, "action_time": "2014-07-15T19:36:58.217Z", "object_repr": "Segundo Muelle", "object_id": "6", "change_message": "Changed name.", "user": 1, "content_type": 16}}, {"pk": 176, "model": "admin.logentry", "fields": {"action_flag": 2, "action_time": "2014-07-15T21:18:17.392Z", "object_repr": "Frikadeller", "object_id": "38", "change_message": "Changed price.", "user": 1, "content_type": 12}}, {"pk": 177, "model": "admin.logentry", "fields": {"action_flag": 2, "action_time": "2014-07-15T21:18:27.305Z", "object_repr": "Frikadeller", "object_id": "38", "change_message": "Changed price.", "user": 1, "content_type": 12}}, {"pk": 178, "model": "admin.logentry", "fields": {"action_flag": 2, "action_time": "2014-07-15T21:18:34.676Z", "object_repr": "Frikadeller", "object_id": "38", "change_message": "No fields changed.", "user": 1, "content_type": 12}}, {"pk": 179, "model": "admin.logentry", "fields": {"action_flag": 2, "action_time": "2014-07-15T21:18:49.805Z", "object_repr": "Frikadeller", "object_id": "38", "change_message": "Changed price.", "user": 1, "content_type": 12}}, {"pk": 180, "model": "admin.logentry", "fields": {"action_flag": 2, "action_time": "2014-07-15T21:19:06.589Z", "object_repr": "Frikadeller", "object_id": "38", "change_message": "No fields changed.", "user": 1, "content_type": 12}}, {"pk": 181, "model": "admin.logentry", "fields": {"action_flag": 2, "action_time": "2014-07-15T21:57:57.856Z", "object_repr": "Restaurant Puk", "object_id": "11", "change_message": "Changed phone.", "user": 1, "content_type": 16}}, {"pk": 182, "model": "admin.logentry", "fields": {"action_flag": 2, "action_time": "2014-07-16T17:12:40.229Z", "object_repr": "Restaurant Puk", "object_id": "11", "change_message": "Changed food_item.", "user": 1, "content_type": 16}}, {"pk": 183, "model": "admin.logentry", "fields": {"action_flag": 2, "action_time": "2014-07-16T17:24:01.984Z", "object_repr": "Segundo Muelle", "object_id": "6", "change_message": "Changed food_item.", "user": 1, "content_type": 16}}, {"pk": 184, "model": "admin.logentry", "fields": {"action_flag": 2, "action_time": "2014-07-16T17:29:39.561Z", "object_repr": "Segundo Muelle", "object_id": "6", "change_message": "Changed food_item.", "user": 1, "content_type": 16}}, {"pk": 185, "model": "admin.logentry", "fields": {"action_flag": 2, "action_time": "2014-07-16T17:37:27.980Z", "object_repr": "Shanghai Garden", "object_id": "9", "change_message": "Changed food_item.", "user": 1, "content_type": 16}}, {"pk": 186, "model": "admin.logentry", "fields": {"action_flag": 2, "action_time": "2014-07-16T19:17:06.457Z", "object_repr": "Si Se\u00f1or", "object_id": "7", "change_message": "Changed food_item.", "user": 1, "content_type": 16}}, {"pk": 187, "model": "admin.logentry", "fields": {"action_flag": 2, "action_time": "2014-07-16T19:30:18.497Z", "object_repr": "Segundo Muelle", "object_id": "6", "change_message": "Changed food_item.", "user": 1, "content_type": 16}}, {"pk": 188, "model": "admin.logentry", "fields": {"action_flag": 2, "action_time": "2014-07-16T19:33:22.485Z", "object_repr": "Segundo Muelle", "object_id": "6", "change_message": "Changed food_item.", "user": 1, "content_type": 16}}, {"pk": 189, "model": "admin.logentry", "fields": {"action_flag": 2, "action_time": "2014-07-16T19:38:41.334Z", "object_repr": "Restaurant Puk", "object_id": "11", "change_message": "Changed food_item.", "user": 1, "content_type": 16}}, {"pk": 190, "model": "admin.logentry", "fields": {"action_flag": 2, "action_time": "2014-07-16T19:44:49.620Z", "object_repr": "Segundo Muelle", "object_id": "6", "change_message": "Changed food_item.", "user": 1, "content_type": 16}}, {"pk": 191, "model": "admin.logentry", "fields": {"action_flag": 2, "action_time": "2014-07-16T19:53:08.628Z", "object_repr": "Segundo Muelle", "object_id": "6", "change_message": "Changed food_item.", "user": 1, "content_type": 16}}, {"pk": 192, "model": "admin.logentry", "fields": {"action_flag": 2, "action_time": "2014-07-16T19:53:27.120Z", "object_repr": "Smoke Shack", "object_id": "10", "change_message": "Changed food_item.", "user": 1, "content_type": 16}}, {"pk": 193, "model": "admin.logentry", "fields": {"action_flag": 2, "action_time": "2014-07-16T19:54:25.705Z", "object_repr": "Shanghai Garden", "object_id": "9", "change_message": "Changed food_item.", "user": 1, "content_type": 16}}, {"pk": 194, "model": "admin.logentry", "fields": {"action_flag": 2, "action_time": "2014-07-16T19:55:54.839Z", "object_repr": "The Foghorn", "object_id": "8", "change_message": "Changed food_item.", "user": 1, "content_type": 16}}, {"pk": 195, "model": "admin.logentry", "fields": {"action_flag": 2, "action_time": "2014-07-16T19:56:25.195Z", "object_repr": "Shanghai Garden", "object_id": "9", "change_message": "Changed food_item.", "user": 1, "content_type": 16}}, {"pk": 196, "model": "admin.logentry", "fields": {"action_flag": 2, "action_time": "2014-07-16T19:57:04.205Z", "object_repr": "Si Se\u00f1or", "object_id": "7", "change_message": "Changed food_item.", "user": 1, "content_type": 16}}, {"pk": 197, "model": "admin.logentry", "fields": {"action_flag": 2, "action_time": "2014-07-16T19:58:41.335Z", "object_repr": "Segundo Muelle", "object_id": "6", "change_message": "Changed food_item.", "user": 1, "content_type": 16}}, {"pk": 198, "model": "admin.logentry", "fields": {"action_flag": 2, "action_time": "2014-07-16T20:00:06.166Z", "object_repr": "The Foghorn", "object_id": "8", "change_message": "Changed food_item.", "user": 1, "content_type": 16}}, {"pk": 199, "model": "admin.logentry", "fields": {"action_flag": 2, "action_time": "2014-07-16T20:00:47.005Z", "object_repr": "Segundo Muelle", "object_id": "6", "change_message": "Changed food_item.", "user": 1, "content_type": 16}}, {"pk": 200, "model": "admin.logentry", "fields": {"action_flag": 2, "action_time": "2014-07-16T20:46:23.728Z", "object_repr": "Chile Verde", "object_id": "17", "change_message": "Changed price and image.", "user": 1, "content_type": 12}}, {"pk": 201, "model": "admin.logentry", "fields": {"action_flag": 1, "action_time": "2014-07-16T20:49:11.243Z", "object_repr": "Arroz con Bacalao", "object_id": "39", "change_message": "", "user": 1, "content_type": 12}}, {"pk": 202, "model": "admin.logentry", "fields": {"action_flag": 2, "action_time": "2014-07-16T20:49:34.799Z", "object_repr": "Segundo Muelle", "object_id": "6", "change_message": "Changed food_item.", "user": 1, "content_type": 16}}, {"pk": 203, "model": "admin.logentry", "fields": {"action_flag": 2, "action_time": "2014-07-16T21:03:36.272Z", "object_repr": "Empanadas", "object_id": "28", "change_message": "Changed image.", "user": 1, "content_type": 12}}, {"pk": 204, "model": "admin.logentry", "fields": {"action_flag": 2, "action_time": "2014-07-16T21:13:23.149Z", "object_repr": "Arroz con Bacalao", "object_id": "39", "change_message": "Changed image.", "user": 1, "content_type": 12}}, {"pk": 205, "model": "admin.logentry", "fields": {"action_flag": 2, "action_time": "2014-07-16T21:14:29.700Z", "object_repr": "Frikadeller", "object_id": "38", "change_message": "Changed image.", "user": 1, "content_type": 12}}, {"pk": 206, "model": "admin.logentry", "fields": {"action_flag": 2, "action_time": "2014-07-16T21:18:30.105Z", "object_repr": "R\u00f8dgr\u00f8d med Fl\u00f8de", "object_id": "37", "change_message": "Changed image.", "user": 1, "content_type": 12}}, {"pk": 207, "model": "admin.logentry", "fields": {"action_flag": 2, "action_time": "2014-07-16T21:18:46.470Z", "object_repr": "R\u00f8dgr\u00f8d med Fl\u00f8de", "object_id": "37", "change_message": "Changed image.", "user": 1, "content_type": 12}}, {"pk": 208, "model": "admin.logentry", "fields": {"action_flag": 2, "action_time": "2014-07-16T21:18:54.424Z", "object_repr": "Koteletter i Fad", "object_id": "36", "change_message": "Changed image.", "user": 1, "content_type": 12}}, {"pk": 209, "model": "admin.logentry", "fields": {"action_flag": 2, "action_time": "2014-07-16T21:19:02.378Z", "object_repr": "Brunede Kartofler", "object_id": "35", "change_message": "Changed image.", "user": 1, "content_type": 12}}, {"pk": 210, "model": "admin.logentry", "fields": {"action_flag": 2, "action_time": "2014-07-16T21:19:12.424Z", "object_repr": "\u00c6bleskiver", "object_id": "34", "change_message": "Changed image.", "user": 1, "content_type": 12}}, {"pk": 211, "model": "admin.logentry", "fields": {"action_flag": 2, "action_time": "2014-07-16T21:19:25.024Z", "object_repr": "R\u00f8dka\u030al", "object_id": "33", "change_message": "Changed image.", "user": 1, "content_type": 12}}, {"pk": 212, "model": "admin.logentry", "fields": {"action_flag": 2, "action_time": "2014-07-16T21:19:33.755Z", "object_repr": "Patacones", "object_id": "32", "change_message": "Changed image.", "user": 1, "content_type": 12}}, {"pk": 213, "model": "admin.logentry", "fields": {"action_flag": 2, "action_time": "2014-07-16T21:19:47.292Z", "object_repr": "Arroz con Pollo", "object_id": "31", "change_message": "Changed image.", "user": 1, "content_type": 12}}, {"pk": 214, "model": "admin.logentry", "fields": {"action_flag": 2, "action_time": "2014-07-16T21:19:59.010Z", "object_repr": "Arroz con Lentejas", "object_id": "30", "change_message": "Changed image.", "user": 1, "content_type": 12}}, {"pk": 215, "model": "admin.logentry", "fields": {"action_flag": 2, "action_time": "2014-07-16T21:20:06.802Z", "object_repr": "Arroz con Frijoles", "object_id": "29", "change_message": "Changed image.", "user": 1, "content_type": 12}}, {"pk": 216, "model": "admin.logentry", "fields": {"action_flag": 2, "action_time": "2014-07-16T21:20:12.328Z", "object_repr": "Empanadas", "object_id": "28", "change_message": "No fields changed.", "user": 1, "content_type": 12}}, {"pk": 217, "model": "admin.logentry", "fields": {"action_flag": 2, "action_time": "2014-07-16T21:20:21.628Z", "object_repr": "Pescado a la Parilla", "object_id": "27", "change_message": "Changed image.", "user": 1, "content_type": 12}}, {"pk": 218, "model": "admin.logentry", "fields": {"action_flag": 2, "action_time": "2014-07-16T21:20:30.869Z", "object_repr": "Shrimp Paella", "object_id": "25", "change_message": "Changed image.", "user": 1, "content_type": 12}}, {"pk": 219, "model": "admin.logentry", "fields": {"action_flag": 2, "action_time": "2014-07-16T21:21:00.795Z", "object_repr": "Sea Bass, Pan Roasted", "object_id": "24", "change_message": "Changed image.", "user": 1, "content_type": 12}}, {"pk": 220, "model": "admin.logentry", "fields": {"action_flag": 2, "action_time": "2014-07-16T21:22:20.635Z", "object_repr": "Salmon, Mustard Glazed", "object_id": "23", "change_message": "Changed image.", "user": 1, "content_type": 12}}]